expr,time
mean(x),260396
skew4(x),8627947
sd(x),554425
sum(x),82260
mean(x),203338
sum(x),104812
skew4(x),8728021
mean(x),169219
sum(x),82110
skew4(x),8641215
kurt5(x),15693410
kurtosis(x),8377076
sum(x),80139
skew4(x),8665995
dumbk(x),18262544
sum(x),94721
skew4(x),9475252
skewness(x),9044562
sd3(x),975252
kurtosis(x),8432225
sd(x),490605
mean(x),165796
kurt5(x),15714777
sum(x),81431
skewness(x),8674609
sd(x),478897
mean(x),165660
sd3(x),868884
skewness(x),8437972
kurtosis(x),8248048
mean(x),164640
sum(x),79838
kurtosis(x),8283434
mean(x),163938
sum(x),79699
sd(x),483098
kurt5(x),15588444
skew4(x),10303764
skew4(x),9046941
skew4(x),8824233
kurtosis(x),8744160
sum(x),80018
sd3(x),866030
sd3(x),855693
sum(x),79753
skewness(x),10021982
mean(x),165103
sum(x),79691
sd3(x),859440
dumbk(x),17512978
sum(x),80035
sd(x),497040
sd(x),458880
kurtosis(x),8344300
dumbk(x),17918481
sum(x),80409
sum(x),79670
skewness(x),8389876
sum(x),79970
sd(x),503161
sum(x),80114
sd(x),459476
sum(x),79633
kurt5(x),16082021
skew4(x),8731497
skew4(x),9045297
kurt5(x),15820147
mean(x),180916
sum(x),80473
sd(x),479894
sd(x),460178
dumbk(x),17449164
kurt5(x),15651657
kurt5(x),15553241
skew4(x),8796195
sd(x),470710
dumbk(x),19093936
sum(x),79979
sd(x),459659
sum(x),79770
dumbk(x),17142198
kurtosis(x),8290698
kurt5(x),17825828
sd(x),547491
sd3(x),897923
mean(x),185587
dumbk(x),18558648
sd(x),460363
skewness(x),8583393
sum(x),80190
sum(x),79637
skew4(x),8709284
kurtosis(x),8148894
kurt5(x),15524676
dumbk(x),17396911
sum(x),82471
dumbk(x),19177458
dumbk(x),17930079
kurt5(x),16065247
sum(x),87166
sd3(x),865513
kurt5(x),15646533
mean(x),173583
skew4(x),8645626
sd(x),480368
sd3(x),857577
kurt5(x),15382338
sum(x),80336
kurt5(x),15424175
dumbk(x),17631256
kurtosis(x),8162775
skew4(x),8577770
skewness(x),8319252
skewness(x),8959333
sd3(x),875843
skewness(x),8403484
dumbk(x),19436902
mean(x),162643
skew4(x),8649708
sd3(x),891972
sd(x),463780
sd3(x),856378
sum(x),79957
sd3(x),855404
skew4(x),8607151
skew4(x),8552034
mean(x),163791
sd3(x),876752
sd(x),522947
dumbk(x),17224892
skewness(x),8587748
kurt5(x),15789218
sd3(x),935545
dumbk(x),17371831
sum(x),90241
skewness(x),8337204
kurt5(x),15589077
dumbk(x),17237040
sum(x),80243
dumbk(x),18736089
dumbk(x),17076558
sd(x),459398
mean(x),162604
mean(x),161776
sd3(x),876060
kurtosis(x),8121697
kurt5(x),15517942
sd3(x),857236
mean(x),165307
dumbk(x),17195462
sum(x),79909
kurtosis(x),8332770
skewness(x),8532345
skewness(x),8340447
skewness(x),9893085
sd3(x),868181
dumbk(x),17103877
kurt5(x),15372418
kurtosis(x),8122439
sd(x),468311
skewness(x),8343894
skewness(x),8355503
kurt5(x),15499182
mean(x),170952
sd(x),483549
dumbk(x),17122148
kurt5(x),15980446
sum(x),82484
mean(x),167678
kurtosis(x),8439224
dumbk(x),19862514
kurtosis(x),8213657
skewness(x),8508865
skew4(x),8938135
skewness(x),8548027
skewness(x),8382673
dumbk(x),17369349
skew4(x),8645402
skewness(x),9794573
sd3(x),1069880
mean(x),202783
sd(x),585910
dumbk(x),17861285
skew4(x),8744571
kurt5(x),15816207
sum(x),86169
kurt5(x),15761119
kurtosis(x),10056138
dumbk(x),17379662
mean(x),187207
sd3(x),874055
kurt5(x),15463228
kurt5(x),16202114
sd3(x),861717
sd3(x),856240
skewness(x),8480745
skewness(x),8468033
mean(x),165623
skew4(x),8668912
sd3(x),857895
sd3(x),855652
skewness(x),8621109
sum(x),79989
kurtosis(x),8285060
kurt5(x),15600286
kurtosis(x),8211265
sd3(x),864873
dumbk(x),17283475
sd(x),460639
sd3(x),918913
skewness(x),10592093
mean(x),168230
dumbk(x),17272597
kurt5(x),15596429
sd3(x),859047
dumbk(x),18115254
sum(x),82533
sd(x),472474
sd3(x),894399
sd3(x),880086
sd3(x),906764
sd3(x),889109
kurtosis(x),8221177
mean(x),164109
sd3(x),860559
sd(x),468109
sd(x),479906
skewness(x),8529601
dumbk(x),17787968
sd3(x),873489
kurtosis(x),8152575
sd3(x),860522
kurt5(x),15415226
kurt5(x),15580961
dumbk(x),18857269
sum(x),80784
skew4(x),8783155
kurtosis(x),8147868
sd(x),472281
kurt5(x),15392163
kurtosis(x),8140511
kurt5(x),15526296
sd(x),494666
skewness(x),8434686
skew4(x),8614353
skew4(x),8570359
skew4(x),8547008
sum(x),80108
sd(x),469265
sd3(x),858886
dumbk(x),17122403
sum(x),80090
kurt5(x),15358452
dumbk(x),17202662
kurtosis(x),8996010
mean(x),166087
sum(x),79816
sum(x),79525
skewness(x),10031893
sum(x),80238
dumbk(x),17268519
sum(x),79937
sum(x),79523
kurtosis(x),8214103
sd3(x),908943
sd3(x),900863
sum(x),79942
mean(x),164399
kurtosis(x),8268121
sd(x),476946
kurtosis(x),8196697
sd(x),468315
kurtosis(x),8148059
sd3(x),869644
kurt5(x),15394250
sum(x),80192
skew4(x),8816491
mean(x),174579
kurt5(x),15576200
skew4(x),8586040
kurt5(x),15351943
skew4(x),8573830
kurtosis(x),8142611
mean(x),165054
skew4(x),8540532
sum(x),79972
kurtosis(x),8130215
mean(x),163882
kurt5(x),15431977
dumbk(x),18819138
kurt5(x),15511035
sd(x),466200
skewness(x),8310176
kurt5(x),15552335
skew4(x),8664299
sd(x),476815
kurtosis(x),8192198
kurtosis(x),8180003
kurtosis(x),8142578
sd(x),479682
sd(x),458263
sd3(x),893504
skewness(x),8402988
dumbk(x),17102082
sd3(x),870422
kurtosis(x),8132187
sd3(x),861085
sum(x),80271
sd3(x),879446
skewness(x),8302237
dumbk(x),18866925
kurt5(x),15385132
kurt5(x),15629193
skewness(x),8748969
skewness(x),8817371
sd3(x),875074
mean(x),167170
dumbk(x),17401834
sd(x),483257
skewness(x),8392913
mean(x),199788
mean(x),162122
sd(x),465638
dumbk(x),17304677
sum(x),80163
skew4(x),8643137
mean(x),163620
skewness(x),8436607
sum(x),80175
skew4(x),8664677
skew4(x),8643269
kurtosis(x),10852780
kurtosis(x),8640508
dumbk(x),17724591
sd3(x),875681
kurt5(x),15628007
sum(x),80998
mean(x),164869
sd3(x),879090
kurt5(x),15513935
kurt5(x),15817450
kurtosis(x),8324358
sd3(x),887192
dumbk(x),17347808
mean(x),162794
sd3(x),868204
skewness(x),8360446
dumbk(x),17504195
kurtosis(x),9972142
kurt5(x),15526625
mean(x),167897
skew4(x),8633829
skewness(x),8301336
kurtosis(x),8145121
kurtosis(x),8175341
skew4(x),8643751
skewness(x),8361381
skew4(x),8645924
kurt5(x),15671669
sum(x),80415
skew4(x),8563064
kurtosis(x),8139e3
dumbk(x),17646539
kurt5(x),15863088
sd(x),499477
dumbk(x),17939082
sd3(x),892779
kurtosis(x),10204528
sum(x),84926
kurt5(x),16082676
kurt5(x),16010371
kurtosis(x),8609018
sum(x),93419
sd(x),500402
sd3(x),889883
kurt5(x),15918779
dumbk(x),17704669
sum(x),80114
sum(x),79651
skew4(x),8541245
mean(x),163596
kurt5(x),15368760
dumbk(x),17292939
skew4(x),8547430
kurtosis(x),8125794
sd3(x),861648
sum(x),79855
dumbk(x),17278376
skew4(x),8617319
sd(x),463614
kurt5(x),15917837
dumbk(x),18971287
dumbk(x),17150841
sum(x),79953
mean(x),162622
sd(x),460054
skewness(x),8293911
skew4(x),8568074
mean(x),164453
kurt5(x),15518985
kurtosis(x),8202737
mean(x),164053
sd(x),490894
kurtosis(x),8293533
skewness(x),8378802
skewness(x),8355927
kurtosis(x),8171998
kurt5(x),15538754
skewness(x),8553575
sd3(x),870761
kurt5(x),15490251
kurtosis(x),9781384
mean(x),167021
sd(x),510192
skew4(x),8772596
sd(x),470806
kurt5(x),15453032
skewness(x),8346973
sd3(x),862043
skew4(x),8594850
sd(x),470169
kurt5(x),15455412
sd3(x),857005
kurtosis(x),8152922
sum(x),79804
skew4(x),8566285
mean(x),165966
dumbk(x),17249616
dumbk(x),17402919
skewness(x),8488272
mean(x),166116
kurtosis(x),8191305
sd(x),502996
sd3(x),873257
sd3(x),856425
kurtosis(x),8182089
skewness(x),9895535
skew4(x),8546954
kurtosis(x),8131684
kurtosis(x),8115303
skewness(x),8282555
sd(x),487992
sum(x),80215
dumbk(x),17139168
skewness(x),8605135
mean(x),166481
sd3(x),927202
sum(x),79898
dumbk(x),17163513
skewness(x),8485167
dumbk(x),19256179
kurt5(x),15424705
sd3(x),880316
sd(x),464825
skew4(x),8615023
mean(x),166317
kurtosis(x),8175323
dumbk(x),17288996
sd(x),461096
sd(x),459076
sd(x),459003
dumbk(x),17202886
kurtosis(x),8196904
kurtosis(x),8195661
skewness(x),8302169
dumbk(x),20464894
mean(x),167640
sd3(x),898391
skew4(x),8968629
mean(x),176175
mean(x),166313
skew4(x),8876871
sd3(x),908326
mean(x),170804
sum(x),83024
kurtosis(x),9036663
sum(x),121284
skew4(x),8741575
sd(x),491228
kurt5(x),15778877
skew4(x),8600394
skewness(x),8376395
kurtosis(x),8152841
sd3(x),867370
mean(x),165757
kurtosis(x),8151515
sum(x),80502
kurtosis(x),8274451
skew4(x),8660416
skewness(x),8363003
skew4(x),8720389
sum(x),81617
sd(x),495580
sd3(x),862853
kurtosis(x),8153889
skew4(x),8617119
dumbk(x),18897907
kurt5(x),15384372
sum(x),82498
sd(x),529624
dumbk(x),17089758
mean(x),162735
sd(x),460452
kurt5(x),15458709
mean(x),163903
dumbk(x),17211548
skewness(x),8287645
sd(x),465006
dumbk(x),18231754
sd(x),461059
skewness(x),8342180
kurt5(x),15563975
sd3(x),860906
skew4(x),8574529
mean(x),190695
mean(x),162215
sd3(x),856827
dumbk(x),18929413
kurt5(x),15413908
sd(x),463884
kurt5(x),15432280
skew4(x),8553205
skewness(x),8342231
mean(x),165320
sum(x),79938
mean(x),162143
kurtosis(x),8342646
mean(x),164132
sd3(x),867566
skew4(x),8591123
skew4(x),8531760
mean(x),163405
sd3(x),858957
dumbk(x),17154047
kurtosis(x),8130760
skew4(x),8553607
sd(x),467415
sd3(x),858152
sum(x),79864
sd(x),459838
dumbk(x),17177213
mean(x),162857
sd3(x),883992
kurtosis(x),8802412
sd3(x),889903
dumbk(x),19554783
sd(x),461615
sum(x),79819
dumbk(x),18015929
sd3(x),897861
skew4(x),9001720
skewness(x),8924682
skewness(x),8617881
dumbk(x),19231977
mean(x),167926
kurt5(x),16721705
skew4(x),8999454
skew4(x),8819794
skew4(x),8970916
mean(x),189902
skewness(x),8594663
kurtosis(x),8404911
sd(x),519536
mean(x),170149
dumbk(x),19362055
sd(x),473624
skewness(x),8442545
kurtosis(x),8136077
kurt5(x),15411794
sd3(x),858543
sum(x),80207
dumbk(x),17113772
kurt5(x),15357189
mean(x),164125
skewness(x),8281391
sd3(x),864173
dumbk(x),17109876
sum(x),79987
kurt5(x),15469942
sd3(x),858618
mean(x),163886
mean(x),162262
skewness(x),8352250
sum(x),79953
dumbk(x),18923077
sd3(x),870802
mean(x),162829
kurt5(x),15424880
kurtosis(x),8128118
kurt5(x),15414407
skew4(x),8594510
skew4(x),8588737
kurt5(x),15339006
sd(x),472060
sd(x),460211
dumbk(x),17268221
mean(x),162736
kurt5(x),15471454
mean(x),164251
sd(x),463252
kurtosis(x),8399142
kurt5(x),15479466
dumbk(x),17825228
dumbk(x),17174565
sum(x),80248
kurtosis(x),8125365
skew4(x),8591416
dumbk(x),18892670
sum(x),80236
skew4(x),8652692
dumbk(x),17078657
skewness(x),9332303
mean(x),180213
dumbk(x),17397046
skew4(x),8550192
kurtosis(x),8279992
skewness(x),8371005
kurtosis(x),8242467
mean(x),164761
sd3(x),869403
skewness(x),10238217
kurt5(x),15648439
skewness(x),8334571
sd3(x),863593
skew4(x),8553741
skew4(x),8553809
mean(x),168759
kurt5(x),15566531
sd3(x),858385
skewness(x),8318837
sd(x),493291
sd(x),508989
skewness(x),8339659
kurtosis(x),8171203
mean(x),164874
sd(x),472428
skew4(x),8618653
skewness(x),8345980
dumbk(x),17425327
skew4(x),8659065
kurtosis(x),8156329
kurtosis(x),8196456
skewness(x),10021488
sd3(x),876222
sum(x),80114
skew4(x),8558980
skew4(x),8541225
skew4(x),8534043
sd3(x),856832
sd3(x),856225
skewness(x),8337124
sd3(x),884048
dumbk(x),19574279
sum(x),89690
kurtosis(x),9207076
sd(x),506181
skewness(x),8572088
sd(x),473892
skew4(x),8628286
dumbk(x),17368249
sd(x),460588
mean(x),162052
sd(x),459482
dumbk(x),17287653
sd3(x),875384
mean(x),162780
dumbk(x),18879234
skewness(x),8317613
kurtosis(x),8127944
sd3(x),895409
sum(x),80250
sd3(x),856007
sd(x),656516
kurt5(x),15446765
skew4(x),8584371
mean(x),167218
sum(x),80035
mean(x),162153
mean(x),161966
sum(x),79675
skewness(x),8297409
sd3(x),864866
kurt5(x),15371014
sd(x),477169
sum(x),79978
sd3(x),857020
sd3(x),854831
sd(x),461396
sd(x),458919
dumbk(x),17098700
skewness(x),8342559
skew4(x),8547890
sd(x),466755
kurtosis(x),8126310
sum(x),79862
sd(x),463634
kurtosis(x),8227498
sd3(x),867131
kurt5(x),15394460
skewness(x),10064496
mean(x),165891
sum(x),79879
dumbk(x),17184019
sd(x),463863
dumbk(x),17084807
skewness(x),8287871
sd3(x),877420
skewness(x),8307638
kurtosis(x),8127441
mean(x),164353
sd3(x),965062
sum(x),80021
dumbk(x),17183413
mean(x),163018
sd(x),484255
kurtosis(x),9699106
kurt5(x),15494268
skewness(x),8351260
dumbk(x),17286983
kurtosis(x),8228806
kurtosis(x),8215485
skewness(x),8358305
kurtosis(x),8128439
kurtosis(x),8170744
sd(x),485280
kurtosis(x),8125487
kurt5(x),15564784
mean(x),167083
sum(x),80069
skew4(x),8558712
kurt5(x),15363686
kurt5(x),15449776
sd(x),473057
kurt5(x),15498970
sd3(x),865603
sd(x),463902
kurtosis(x),9989753
skew4(x),8571003
sd(x),487498
sd3(x),859163
sum(x),80918
dumbk(x),17145837
skew4(x),8546926
dumbk(x),17168177
kurtosis(x),8126682
kurtosis(x),8125076
sum(x),80360
kurtosis(x),8201140
dumbk(x),17353407
sum(x),80173
kurt5(x),15530907
kurt5(x),15411502
kurt5(x),16236294
dumbk(x),18979345
kurt5(x),15534865
kurtosis(x),8205695
kurtosis(x),8192774
dumbk(x),17223032
dumbk(x),17722821
skew4(x),9160267
sd(x),483768
skew4(x),8667888
sd(x),464326
sd3(x),859667
skewness(x),8362951
mean(x),164979
sd3(x),864336
sum(x),80181
sd(x),466185
sum(x),79721
skew4(x),8532845
kurtosis(x),8134690
skewness(x),9883664
kurt5(x),15545202
sd(x),486285
mean(x),167899
sd(x),465390
sd3(x),861743
mean(x),163507
mean(x),182090
skewness(x),8358471
mean(x),164677
kurt5(x),15417118
dumbk(x),17301124
mean(x),162854
kurtosis(x),8233231
skewness(x),8302884
sum(x),79754
dumbk(x),17172120
skew4(x),8615506
mean(x),163968
skewness(x),8298680
sum(x),80399
kurt5(x),15377138
sum(x),80213
skewness(x),8295174
sd3(x),860985
mean(x),164171
sd(x),476777
skew4(x),8673198
skewness(x),9885736
kurt5(x),15433033
sd3(x),858539
skew4(x),8552560
skewness(x),8278767
skewness(x),8286573
skew4(x),9154335
sd(x),512274
skewness(x),8586547
dumbk(x),17316545
skew4(x),8565376
skew4(x),8774138
sum(x),82181
kurtosis(x),8225160
mean(x),199807
skewness(x),8486284
sum(x),92584
skew4(x),8554524
dumbk(x),17166573
mean(x),162909
kurtosis(x),9827921
skew4(x),8572983
kurtosis(x),8135910
mean(x),165494
kurt5(x),15865769
sum(x),82998
sd3(x),882472
sum(x),82156
sd3(x),880932
dumbk(x),17624252
dumbk(x),17585846
skewness(x),8510628
kurtosis(x),8350356
mean(x),164856
sd(x),474613
sd(x),461905
mean(x),162454
skewness(x),8293501
sum(x),79822
kurt5(x),15387379
kurt5(x),15334935
sd3(x),860281
sd(x),467786
skewness(x),8296425
kurt5(x),15470077
skew4(x),8646560
sum(x),80519
dumbk(x),18698439
kurt5(x),15410979
skew4(x),8596495
sd(x),556115
skew4(x),8594624
sd(x),493107
kurtosis(x),8355603
mean(x),164588
skewness(x),8320248
dumbk(x),17230677
skewness(x),8332732
skew4(x),8725069
kurtosis(x),8129991
skewness(x),8344144
skew4(x),8595268
kurt5(x),15450019
sum(x),80721
sum(x),79724
sd3(x),858817
sd(x),487312
kurtosis(x),8148232
mean(x),163944
dumbk(x),18773981
sd3(x),871101
sum(x),80074
skewness(x),8294431
skewness(x),8286365
skew4(x),8550886
skew4(x),8583692
sum(x),80464
kurtosis(x),8195050
sum(x),79801
mean(x),164407
kurt5(x),15422796
mean(x),163459
kurt5(x),15821260
mean(x),207081
skew4(x),8618672
skew4(x),8713762
mean(x),165438
sd(x),488966
skewness(x),8340185
sd(x),467719
kurt5(x),15381610
skewness(x),8306193
kurt5(x),15353430
mean(x),165431
kurtosis(x),8119001
kurt5(x),15923910
kurt5(x),15680520
sd(x),492555
skewness(x),8575795
skewness(x),8388679
"slow_sd(x, w)",1850429
"cent_moments(x, max_order = 4, wts = w, na_rm = TRUE, normalize_wts = FALSE)",16455020
"sd3(x, wts = w)",985756
"cent_moments(x, max_order = 4, wts = w, na_rm = TRUE, normalize_wts = FALSE)",16741257
"slow_sd(x, w)",2190500
"sd3(x, wts = w)",1033243
"slow_sd(x, w)",2138723
"sd3(x, wts = w)",1047617
"sd3(x, wts = w)",1196800
"sd3(x, wts = w)",1097351
"sd3(x, wts = w)",1032970
"slow_sd(x, w)",3160926
"cent_moments(x, max_order = 4, wts = w, na_rm = TRUE, normalize_wts = FALSE)",18484977
"slow_sd(x, w)",1487835
"sd3(x, wts = w)",1077375
"sd3(x, wts = w)",1062748
"slow_sd(x, w)",1451387
"slow_sd(x, w)",2894947
"cent_moments(x, max_order = 4, wts = w, na_rm = TRUE, normalize_wts = FALSE)",17027222
"sd3(x, wts = w)",1012266
"cent_moments(x, max_order = 4, wts = w, na_rm = TRUE, normalize_wts = FALSE)",16803703
"slow_sd(x, w)",1438800
"slow_sd(x, w)",1492118
"sd3(x, wts = w)",1191726
"cent_moments(x, max_order = 4, wts = w, na_rm = TRUE, normalize_wts = FALSE)",16575445
"cent_moments(x, max_order = 4, wts = w, na_rm = TRUE, normalize_wts = FALSE)",16496618
"sd3(x, wts = w)",985196
"slow_sd(x, w)",1426307
"sd3(x, wts = w)",993478
"sd3(x, wts = w)",980922
"sd3(x, wts = w)",1000886
"sd3(x, wts = w)",985861
"cent_moments(x, max_order = 4, wts = w, na_rm = TRUE, normalize_wts = FALSE)",16381137
"cent_moments(x, max_order = 4, wts = w, na_rm = TRUE, normalize_wts = FALSE)",16585557
"slow_sd(x, w)",2783711
"slow_sd(x, w)",1438593
"slow_sd(x, w)",1418712
"sd3(x, wts = w)",1001385
"cent_moments(x, max_order = 4, wts = w, na_rm = TRUE, normalize_wts = FALSE)",16395899
"slow_sd(x, w)",2784731
"slow_sd(x, w)",1426263
"slow_sd(x, w)",1416501
"slow_sd(x, w)",2803534
"cent_moments(x, max_order = 4, wts = w, na_rm = TRUE, normalize_wts = FALSE)",16359323
"sd3(x, wts = w)",984080
"slow_sd(x, w)",1398587
"cent_moments(x, max_order = 4, wts = w, na_rm = TRUE, normalize_wts = FALSE)",16367776
"cent_moments(x, max_order = 4, wts = w, na_rm = TRUE, normalize_wts = FALSE)",16332181
"sd3(x, wts = w)",983092
"sd3(x, wts = w)",980740
"slow_sd(x, w)",1414813
"cent_moments(x, max_order = 4, wts = w, na_rm = TRUE, normalize_wts = FALSE)",16386610
"slow_sd(x, w)",2764065
"slow_sd(x, w)",1417387
"slow_sd(x, w)",1414291
"sd3(x, wts = w)",998162
"sd3(x, wts = w)",980922
"cent_moments(x, max_order = 4, wts = w, na_rm = TRUE, normalize_wts = FALSE)",16421129
"cent_moments(x, max_order = 4, wts = w, na_rm = TRUE, normalize_wts = FALSE)",17149921
"cent_moments(x, max_order = 4, wts = w, na_rm = TRUE, normalize_wts = FALSE)",16486513
"slow_sd(x, w)",2843710
"cent_moments(x, max_order = 4, wts = w, na_rm = TRUE, normalize_wts = FALSE)",16565799
"slow_sd(x, w)",1405578
"cent_moments(x, max_order = 4, wts = w, na_rm = TRUE, normalize_wts = FALSE)",16861680
"cent_moments(x, max_order = 4, wts = w, na_rm = TRUE, normalize_wts = FALSE)",16376140
"sd3(x, wts = w)",986420
"cent_moments(x, max_order = 4, wts = w, na_rm = TRUE, normalize_wts = FALSE)",16523545
"cent_moments(x, max_order = 4, wts = w, na_rm = TRUE, normalize_wts = FALSE)",16334043
"cent_moments(x, max_order = 4, wts = w, na_rm = TRUE, normalize_wts = FALSE)",16354970
"slow_sd(x, w)",1439972
"sd3(x, wts = w)",1022054
"slow_sd(x, w)",2678239
"cent_moments(x, max_order = 4, wts = w, na_rm = TRUE, normalize_wts = FALSE)",16485611
"slow_sd(x, w)",1405276
"slow_sd(x, w)",1414460
"slow_sd(x, w)",2682138
"sd3(x, wts = w)",998543
"cent_moments(x, max_order = 4, wts = w, na_rm = TRUE, normalize_wts = FALSE)",16372009
"cent_moments(x, max_order = 4, wts = w, na_rm = TRUE, normalize_wts = FALSE)",16336529
"cent_moments(x, max_order = 4, wts = w, na_rm = TRUE, normalize_wts = FALSE)",16427034
"cent_moments(x, max_order = 4, wts = w, na_rm = TRUE, normalize_wts = FALSE)",16357745
"cent_moments(x, max_order = 4, wts = w, na_rm = TRUE, normalize_wts = FALSE)",16597745
"sd3(x, wts = w)",984767
"sd3(x, wts = w)",981829
"cent_moments(x, max_order = 4, wts = w, na_rm = TRUE, normalize_wts = FALSE)",16397964
"cent_moments(x, max_order = 4, wts = w, na_rm = TRUE, normalize_wts = FALSE)",16432583
"sd3(x, wts = w)",981701
"slow_sd(x, w)",1410089
"slow_sd(x, w)",1414601
"slow_sd(x, w)",2812803
"sd3(x, wts = w)",998450
"sd3(x, wts = w)",981361
"cent_moments(x, max_order = 4, wts = w, na_rm = TRUE, normalize_wts = FALSE)",16361846
"sd3(x, wts = w)",984030
"cent_moments(x, max_order = 4, wts = w, na_rm = TRUE, normalize_wts = FALSE)",16322437
"sd3(x, wts = w)",980963
"sd3(x, wts = w)",980385
"cent_moments(x, max_order = 4, wts = w, na_rm = TRUE, normalize_wts = FALSE)",16590742
"slow_sd(x, w)",1431375
"sd3(x, wts = w)",998519
"slow_sd(x, w)",1407805
"sd3(x, wts = w)",1003208
"sd3(x, wts = w)",980930
"sd3(x, wts = w)",980590
"slow_sd(x, w)",2719806
"slow_sd(x, w)",1409312
"slow_sd(x, w)",1430719
"cent_moments(x, max_order = 4, wts = w, na_rm = TRUE, normalize_wts = FALSE)",16730517
"cent_moments(x, max_order = 4, wts = w, na_rm = TRUE, normalize_wts = FALSE)",16516526
"sd3(x, wts = w)",984645
"cent_moments(x, max_order = 4, wts = w, na_rm = TRUE, normalize_wts = FALSE)",17102791
"cent_moments(x, max_order = 4, wts = w, na_rm = TRUE, normalize_wts = FALSE)",16449283
"slow_sd(x, w)",2680670
"slow_sd(x, w)",1407503
"sd3(x, wts = w)",1013027
"cent_moments(x, max_order = 4, wts = w, na_rm = TRUE, normalize_wts = FALSE)",16491828
"slow_sd(x, w)",1414601
"cent_moments(x, max_order = 4, wts = w, na_rm = TRUE, normalize_wts = FALSE)",16436563
"slow_sd(x, w)",2846982
"sd3(x, wts = w)",998313
"sd3(x, wts = w)",1008299
"cent_moments(x, max_order = 4, wts = w, na_rm = TRUE, normalize_wts = FALSE)",16901061
"sd3(x, wts = w)",1002053
"slow_sd(x, w)",1428822
"cent_moments(x, max_order = 4, wts = w, na_rm = TRUE, normalize_wts = FALSE)",16625592
"slow_sd(x, w)",1425388
"cent_moments(x, max_order = 4, wts = w, na_rm = TRUE, normalize_wts = FALSE)",16442228
"cent_moments(x, max_order = 4, wts = w, na_rm = TRUE, normalize_wts = FALSE)",16445595
"cent_moments(x, max_order = 4, wts = w, na_rm = TRUE, normalize_wts = FALSE)",16661618
"cent_moments(x, max_order = 4, wts = w, na_rm = TRUE, normalize_wts = FALSE)",16471687
"sd3(x, wts = w)",1010671
"sd3(x, wts = w)",981004
"slow_sd(x, w)",2848864
"cent_moments(x, max_order = 4, wts = w, na_rm = TRUE, normalize_wts = FALSE)",16524575
"sd3(x, wts = w)",985820
"slow_sd(x, w)",1424946
"slow_sd(x, w)",1468880
"cent_moments(x, max_order = 4, wts = w, na_rm = TRUE, normalize_wts = FALSE)",16584832
"slow_sd(x, w)",2674481
"slow_sd(x, w)",1443334
"slow_sd(x, w)",1418223
"sd3(x, wts = w)",1000839
"slow_sd(x, w)",2814170
"cent_moments(x, max_order = 4, wts = w, na_rm = TRUE, normalize_wts = FALSE)",16407377
"cent_moments(x, max_order = 4, wts = w, na_rm = TRUE, normalize_wts = FALSE)",16374356
"slow_sd(x, w)",1416488
"cent_moments(x, max_order = 4, wts = w, na_rm = TRUE, normalize_wts = FALSE)",16389066
"slow_sd(x, w)",1414707
"sd3(x, wts = w)",994332
"sd3(x, wts = w)",988360
"slow_sd(x, w)",2882650
"slow_sd(x, w)",1420820
"sd3(x, wts = w)",998244
"sd3(x, wts = w)",981626
"cent_moments(x, max_order = 4, wts = w, na_rm = TRUE, normalize_wts = FALSE)",16492092
"sd3(x, wts = w)",1004695
"cent_moments(x, max_order = 4, wts = w, na_rm = TRUE, normalize_wts = FALSE)",16389566
"sd3(x, wts = w)",982185
"slow_sd(x, w)",1408858
"sd3(x, wts = w)",998627
"sd3(x, wts = w)",981194
"cent_moments(x, max_order = 4, wts = w, na_rm = TRUE, normalize_wts = FALSE)",16395045
"sd3(x, wts = w)",982526
"sd3(x, wts = w)",1001311
"sd3(x, wts = w)",983123
"slow_sd(x, w)",3439425
"cent_moments(x, max_order = 4, wts = w, na_rm = TRUE, normalize_wts = FALSE)",18325499
"cent_moments(x, max_order = 4, wts = w, na_rm = TRUE, normalize_wts = FALSE)",18260644
"sd3(x, wts = w)",1099282
"sd3(x, wts = w)",1096259
"slow_sd(x, w)",1565890
"sd3(x, wts = w)",1106892
"slow_sd(x, w)",1555970
"sd3(x, wts = w)",1115863
"cent_moments(x, max_order = 4, wts = w, na_rm = TRUE, normalize_wts = FALSE)",18335531
"cent_moments(x, max_order = 4, wts = w, na_rm = TRUE, normalize_wts = FALSE)",16775602
"sd3(x, wts = w)",1018103
"slow_sd(x, w)",2813216
"sd3(x, wts = w)",1029434
"sd3(x, wts = w)",981107
"sd3(x, wts = w)",980676
"slow_sd(x, w)",1398271
"slow_sd(x, w)",1518655
"slow_sd(x, w)",2905145
"slow_sd(x, w)",1423518
"sd3(x, wts = w)",997762
"slow_sd(x, w)",1435074
"slow_sd(x, w)",3683095
"cent_moments(x, max_order = 4, wts = w, na_rm = TRUE, normalize_wts = FALSE)",16391886
"sd3(x, wts = w)",987088
"cent_moments(x, max_order = 4, wts = w, na_rm = TRUE, normalize_wts = FALSE)",16487657
"slow_sd(x, w)",1819773
"cent_moments(x, max_order = 4, wts = w, na_rm = TRUE, normalize_wts = FALSE)",16384524
"cent_moments(x, max_order = 4, wts = w, na_rm = TRUE, normalize_wts = FALSE)",16360485
"slow_sd(x, w)",2049828
"slow_sd(x, w)",2978161
"sd3(x, wts = w)",1039649
"sd3(x, wts = w)",981657
"cent_moments(x, max_order = 4, wts = w, na_rm = TRUE, normalize_wts = FALSE)",16373071
"cent_moments(x, max_order = 4, wts = w, na_rm = TRUE, normalize_wts = FALSE)",16377336
"cent_moments(x, max_order = 4, wts = w, na_rm = TRUE, normalize_wts = FALSE)",16336314
"slow_sd(x, w)",1403910
"slow_sd(x, w)",1419622
"cent_moments(x, max_order = 4, wts = w, na_rm = TRUE, normalize_wts = FALSE)",16426427
"cent_moments(x, max_order = 4, wts = w, na_rm = TRUE, normalize_wts = FALSE)",16507463
"sd3(x, wts = w)",986772
"slow_sd(x, w)",2844375
"cent_moments(x, max_order = 4, wts = w, na_rm = TRUE, normalize_wts = FALSE)",16501566
"cent_moments(x, max_order = 4, wts = w, na_rm = TRUE, normalize_wts = FALSE)",16392793
"sd3(x, wts = w)",983779
"sd3(x, wts = w)",980977
"sd3(x, wts = w)",981432
"sd3(x, wts = w)",983635
"sd3(x, wts = w)",980792
"slow_sd(x, w)",1401072
"sd3(x, wts = w)",988776
"slow_sd(x, w)",1412873
"cent_moments(x, max_order = 4, wts = w, na_rm = TRUE, normalize_wts = FALSE)",16525819
"slow_sd(x, w)",1412275
"cent_moments(x, max_order = 4, wts = w, na_rm = TRUE, normalize_wts = FALSE)",16400829
"cent_moments(x, max_order = 4, wts = w, na_rm = TRUE, normalize_wts = FALSE)",16501146
"cent_moments(x, max_order = 4, wts = w, na_rm = TRUE, normalize_wts = FALSE)",16382988
"cent_moments(x, max_order = 4, wts = w, na_rm = TRUE, normalize_wts = FALSE)",16439339
"cent_moments(x, max_order = 4, wts = w, na_rm = TRUE, normalize_wts = FALSE)",16471084
"cent_moments(x, max_order = 4, wts = w, na_rm = TRUE, normalize_wts = FALSE)",16406314
"cent_moments(x, max_order = 4, wts = w, na_rm = TRUE, normalize_wts = FALSE)",16335629
"slow_sd(x, w)",2798582
"slow_sd(x, w)",1408366
"slow_sd(x, w)",1416908
"cent_moments(x, max_order = 4, wts = w, na_rm = TRUE, normalize_wts = FALSE)",16392099
"cent_moments(x, max_order = 4, wts = w, na_rm = TRUE, normalize_wts = FALSE)",16433379
"cent_moments(x, max_order = 4, wts = w, na_rm = TRUE, normalize_wts = FALSE)",16374981
"slow_sd(x, w)",2801375
"sd3(x, wts = w)",1006336
"slow_sd(x, w)",1403475
"sd3(x, wts = w)",992876
"slow_sd(x, w)",1443250
"sd3(x, wts = w)",994969
"slow_sd(x, w)",2796137
"sd3(x, wts = w)",996980
"cent_moments(x, max_order = 4, wts = w, na_rm = TRUE, normalize_wts = FALSE)",16501053
"cent_moments(x, max_order = 4, wts = w, na_rm = TRUE, normalize_wts = FALSE)",16447350
"cent_moments(x, max_order = 4, wts = w, na_rm = TRUE, normalize_wts = FALSE)",16551648
"cent_moments(x, max_order = 4, wts = w, na_rm = TRUE, normalize_wts = FALSE)",16563967
"sd3(x, wts = w)",986258
"slow_sd(x, w)",1408932
"cent_moments(x, max_order = 4, wts = w, na_rm = TRUE, normalize_wts = FALSE)",16450228
"cent_moments(x, max_order = 4, wts = w, na_rm = TRUE, normalize_wts = FALSE)",16348872
"cent_moments(x, max_order = 4, wts = w, na_rm = TRUE, normalize_wts = FALSE)",16673071
"cent_moments(x, max_order = 4, wts = w, na_rm = TRUE, normalize_wts = FALSE)",16370150
"cent_moments(x, max_order = 4, wts = w, na_rm = TRUE, normalize_wts = FALSE)",16349315
"slow_sd(x, w)",1411663
"slow_sd(x, w)",2835669
"cent_moments(x, max_order = 4, wts = w, na_rm = TRUE, normalize_wts = FALSE)",17181410
"cent_moments(x, max_order = 4, wts = w, na_rm = TRUE, normalize_wts = FALSE)",16456107
"sd3(x, wts = w)",985210
"slow_sd(x, w)",1432161
"sd3(x, wts = w)",991944
"slow_sd(x, w)",1428787
"sd3(x, wts = w)",991437
"sd3(x, wts = w)",988616
"cent_moments(x, max_order = 4, wts = w, na_rm = TRUE, normalize_wts = FALSE)",16385020
"cent_moments(x, max_order = 4, wts = w, na_rm = TRUE, normalize_wts = FALSE)",16441583
"slow_sd(x, w)",3001325
"sd3(x, wts = w)",1180659
"sd3(x, wts = w)",1043268
"sd3(x, wts = w)",1009884
"sd3(x, wts = w)",1046240
"sd3(x, wts = w)",981619
"cent_moments(x, max_order = 4, wts = w, na_rm = TRUE, normalize_wts = FALSE)",16578693
"sd3(x, wts = w)",982602
"sd3(x, wts = w)",1002713
"sd3(x, wts = w)",981593
"slow_sd(x, w)",1405636
"slow_sd(x, w)",1428071
"slow_sd(x, w)",2696526
"slow_sd(x, w)",1480132
"cent_moments(x, max_order = 4, wts = w, na_rm = TRUE, normalize_wts = FALSE)",16374398
"slow_sd(x, w)",1413337
"cent_moments(x, max_order = 4, wts = w, na_rm = TRUE, normalize_wts = FALSE)",16408620
"sd3(x, wts = w)",985398
"slow_sd(x, w)",2768691
"slow_sd(x, w)",1413144
"sd3(x, wts = w)",1019326
"cent_moments(x, max_order = 4, wts = w, na_rm = TRUE, normalize_wts = FALSE)",16511948
"cent_moments(x, max_order = 4, wts = w, na_rm = TRUE, normalize_wts = FALSE)",16385687
"sd3(x, wts = w)",981803
"slow_sd(x, w)",1420883
"slow_sd(x, w)",2785879
"cent_moments(x, max_order = 4, wts = w, na_rm = TRUE, normalize_wts = FALSE)",16630655
"slow_sd(x, w)",1413388
"slow_sd(x, w)",1415742
"sd3(x, wts = w)",999695
"slow_sd(x, w)",2849684
"cent_moments(x, max_order = 4, wts = w, na_rm = TRUE, normalize_wts = FALSE)",16436983
"sd3(x, wts = w)",984873
"sd3(x, wts = w)",983539
"sd3(x, wts = w)",981271
"slow_sd(x, w)",1403996
"sd3(x, wts = w)",990880
"as.centsums(x1, 2)",332261
"as.centsums(x1, 2)",127084
"as.centsums(x1, 4)",2033051
"as.centsums(x1, 3)",1083861
"as.centsums(x1, 3)",1055704
"as.centsums(x1, 2)",119264
"as.centsums(x1, 1)",196115
"as.centsums(x1, 4)",1606320
"as.centsums(x1, 3)",888725
"as.centsums(x1, 2)",118587
"as.centsums(x1, 3)",914821
"as.centsums(x1, 1)",202862
"as.centsums(x1, 2)",113833
"as.centsums(x1, 4)",1508149
"as.centsums(x1, 3)",878424
"as.centsums(x1, 1)",299756
"as.centsums(x1, 2)",128871
"as.centsums(x1, 3)",933693
"as.centsums(x1, 3)",865769
"as.centsums(x1, 4)",1507078
"as.centsums(x1, 4)",1544940
"as.centsums(x1, 3)",864372
"as.centsums(x1, 1)",225689
"as.centsums(x1, 1)",192847
"as.centsums(x1, 2)",114059
"as.centsums(x1, 4)",1508749
"as.centsums(x1, 3)",902033
"as.centsums(x1, 2)",115052
"as.centsums(x1, 1)",191572
"as.centsums(x1, 1)",189983
"as.centsums(x1, 2)",127081
"as.centsums(x1, 4)",1509045
"as.centsums(x1, 3)",864420
"as.centsums(x1, 3)",879943
"as.centsums(x1, 1)",214037
"as.centsums(x1, 4)",1508517
"as.centsums(x1, 1)",191856
"as.centsums(x1, 3)",864048
"as.centsums(x1, 3)",903063
"as.centsums(x1, 1)",190996
"as.centsums(x1, 4)",1545728
"as.centsums(x1, 2)",115520
"as.centsums(x1, 2)",113392
"as.centsums(x1, 1)",190649
"as.centsums(x1, 1)",191252
"as.centsums(x1, 2)",127075
"as.centsums(x1, 1)",191934
"as.centsums(x1, 4)",1520493
"as.centsums(x1, 1)",237082
"as.centsums(x1, 1)",193109
"as.centsums(x1, 1)",188037
"as.centsums(x1, 3)",864105
"as.centsums(x1, 4)",1507995
"as.centsums(x1, 4)",1566259
"as.centsums(x1, 2)",142097
"as.centsums(x1, 1)",190850
"as.centsums(x1, 2)",115620
"as.centsums(x1, 3)",863883
"as.centsums(x1, 2)",115796
"as.centsums(x1, 2)",116254
"as.centsums(x1, 2)",114234
"as.centsums(x1, 3)",878524
"as.centsums(x1, 3)",866462
"as.centsums(x1, 2)",114653
"as.centsums(x1, 3)",887406
"as.centsums(x1, 2)",114581
"as.centsums(x1, 3)",862256
"as.centsums(x1, 2)",116520
"as.centsums(x1, 1)",191073
"as.centsums(x1, 2)",129649
"as.centsums(x1, 1)",193392
"as.centsums(x1, 2)",115491
"as.centsums(x1, 4)",1533153
"as.centsums(x1, 4)",1507791
"as.centsums(x1, 4)",1509285
"as.centsums(x1, 3)",864955
"as.centsums(x1, 4)",1553521
"as.centsums(x1, 2)",116194
"as.centsums(x1, 3)",900139
"as.centsums(x1, 4)",1574001
"as.centsums(x1, 2)",117634
"as.centsums(x1, 3)",888126
"as.centsums(x1, 1)",196298
"as.centsums(x1, 4)",1518070
"as.centsums(x1, 2)",129695
"as.centsums(x1, 1)",192741
"as.centsums(x1, 4)",1543818
"as.centsums(x1, 3)",865794
"as.centsums(x1, 3)",865219
"as.centsums(x1, 2)",115334
"as.centsums(x1, 3)",885403
"as.centsums(x1, 4)",1542447
"as.centsums(x1, 3)",879e3
"as.centsums(x1, 4)",1529158
"as.centsums(x1, 3)",901038
"as.centsums(x1, 4)",1507520
"as.centsums(x1, 1)",189435
"as.centsums(x1, 4)",1529189
"as.centsums(x1, 2)",116035
"as.centsums(x1, 4)",1545021
"as.centsums(x1, 3)",879366
"as.centsums(x1, 4)",1508747
"as.centsums(x1, 2)",126899
"as.centsums(x1, 4)",1584898
"as.centsums(x1, 3)",865295
"as.centsums(x1, 4)",1508416
"as.centsums(x1, 3)",888646
"as.centsums(x1, 3)",878860
"as.centsums(x1, 3)",864033
"as.centsums(x1, 4)",1527592
"as.centsums(x1, 2)",128173
"as.centsums(x1, 3)",867680
"as.centsums(x1, 4)",1509699
"as.centsums(x1, 4)",1509278
"as.centsums(x1, 1)",193160
"as.centsums(x1, 4)",1524318
"as.centsums(x1, 3)",866283
"as.centsums(x1, 2)",115012
"as.centsums(x1, 2)",113591
"as.centsums(x1, 2)",116494
"as.centsums(x1, 2)",114584
"as.centsums(x1, 2)",115592
"as.centsums(x1, 1)",192023
"as.centsums(x1, 4)",1525351
"as.centsums(x1, 1)",191780
"as.centsums(x1, 1)",191130
"as.centsums(x1, 1)",188630
"as.centsums(x1, 1)",191277
"as.centsums(x1, 2)",114326
"as.centsums(x1, 4)",1508051
"as.centsums(x1, 3)",865105
"as.centsums(x1, 2)",132216
"as.centsums(x1, 2)",113838
"as.centsums(x1, 1)",191300
"as.centsums(x1, 4)",1509202
"as.centsums(x1, 4)",1530871
"as.centsums(x1, 3)",889819
"as.centsums(x1, 2)",116011
"as.centsums(x1, 2)",127447
"as.centsums(x1, 1)",190162
"as.centsums(x1, 3)",862811
"as.centsums(x1, 1)",201248
"as.centsums(x1, 3)",864939
"as.centsums(x1, 4)",1533616
"as.centsums(x1, 3)",865449
"as.centsums(x1, 4)",1706160
"as.centsums(x1, 3)",875106
"as.centsums(x1, 2)",116933
"as.centsums(x1, 2)",114980
"as.centsums(x1, 3)",889810
"as.centsums(x1, 1)",189111
"as.centsums(x1, 4)",1507287
"as.centsums(x1, 3)",864887
"as.centsums(x1, 1)",192283
"as.centsums(x1, 3)",903297
"as.centsums(x1, 3)",867689
"as.centsums(x1, 3)",865982
"as.centsums(x1, 4)",1509428
"as.centsums(x1, 1)",190628
"as.centsums(x1, 1)",223628
"as.centsums(x1, 2)",114331
"as.centsums(x1, 2)",114722
"as.centsums(x1, 1)",203832
"as.centsums(x1, 3)",866513
"as.centsums(x1, 4)",1509019
"as.centsums(x1, 3)",865275
"as.centsums(x1, 2)",114956
"as.centsums(x1, 4)",1513525
"as.centsums(x1, 1)",190749
"as.centsums(x1, 2)",126320
"as.centsums(x1, 2)",117041
"as.centsums(x1, 4)",1508842
"as.centsums(x1, 1)",209203
"as.centsums(x1, 4)",1513955
"as.centsums(x1, 4)",1509017
"as.centsums(x1, 3)",866984
"as.centsums(x1, 1)",189733
"as.centsums(x1, 3)",882018
"as.centsums(x1, 3)",865744
"as.centsums(x1, 1)",191778
"as.centsums(x1, 1)",212758
"as.centsums(x1, 1)",190633
"as.centsums(x1, 3)",880550
"as.centsums(x1, 2)",114641
"as.centsums(x1, 4)",1511564
"as.centsums(x1, 2)",128485
"as.centsums(x1, 1)",192534
"as.centsums(x1, 1)",192271
"as.centsums(x1, 1)",191590
"as.centsums(x1, 1)",191344
"as.centsums(x1, 2)",114758
"as.centsums(x1, 4)",1508322
"as.centsums(x1, 1)",189137
"as.centsums(x1, 1)",203265
"as.centsums(x1, 3)",869352
"as.centsums(x1, 3)",865180
"as.centsums(x1, 3)",865059
"as.centsums(x1, 4)",1508276
"as.centsums(x1, 1)",190486
"as.centsums(x1, 4)",1510849
"as.centsums(x1, 4)",1508292
"as.centsums(x1, 4)",1525700
"as.centsums(x1, 3)",864394
"as.centsums(x1, 2)",127928
"as.centsums(x1, 1)",192376
"as.centsums(x1, 3)",864411
"as.centsums(x1, 4)",1508260
"as.centsums(x1, 3)",887427
"as.centsums(x1, 3)",879421
"as.centsums(x1, 3)",887207
"as.centsums(x1, 3)",864647
"as.centsums(x1, 1)",191125
"as.centsums(x1, 4)",1512172
"as.centsums(x1, 2)",116081
"as.centsums(x1, 4)",1507747
"as.centsums(x1, 2)",116995
"as.centsums(x1, 3)",877220
"as.centsums(x1, 4)",1515150
"as.centsums(x1, 3)",866373
"as.centsums(x1, 3)",867505
"as.centsums(x1, 4)",1513114
"as.centsums(x1, 3)",864867
"as.centsums(x1, 2)",114826
"as.centsums(x1, 2)",113893
"as.centsums(x1, 1)",205107
"as.centsums(x1, 1)",191582
"as.centsums(x1, 1)",188804
"as.centsums(x1, 2)",115511
"as.centsums(x1, 4)",1508754
"as.centsums(x1, 3)",870525
"as.centsums(x1, 4)",1510174
"as.centsums(x1, 2)",116486
"as.centsums(x1, 2)",128528
"as.centsums(x1, 1)",190894
"as.centsums(x1, 4)",1512807
"as.centsums(x1, 2)",127946
"as.centsums(x1, 1)",193016
"as.centsums(x1, 1)",192691
"as.centsums(x1, 1)",192171
"as.centsums(x1, 2)",127827
"as.centsums(x1, 1)",189560
"as.centsums(x1, 2)",115380
"as.centsums(x1, 2)",114714
"as.centsums(x1, 3)",866528
"as.centsums(x1, 4)",1508084
"as.centsums(x1, 2)",114856
"as.centsums(x1, 1)",191127
"as.centsums(x1, 4)",1526886
"as.centsums(x1, 1)",189528
"as.centsums(x1, 2)",115456
"as.centsums(x1, 1)",188191
"as.centsums(x1, 1)",190437
"as.centsums(x1, 4)",1509100
"as.centsums(x1, 3)",870650
"as.centsums(x1, 1)",191154
"as.centsums(x1, 4)",1522326
"as.centsums(x1, 4)",1510096
"as.centsums(x1, 2)",114652
"as.centsums(x1, 2)",124051
"as.centsums(x1, 4)",1511077
"as.centsums(x1, 3)",865400
"as.centsums(x1, 3)",885881
"as.centsums(x1, 1)",191622
"as.centsums(x1, 2)",127966
"as.centsums(x1, 2)",115502
"as.centsums(x1, 3)",870804
"as.centsums(x1, 1)",203048
"as.centsums(x1, 1)",188537
"as.centsums(x1, 1)",189671
"as.centsums(x1, 1)",191742
"as.centsums(x1, 3)",877963
"as.centsums(x1, 4)",1510112
"as.centsums(x1, 1)",191440
"as.centsums(x1, 3)",867540
"as.centsums(x1, 2)",117010
"as.centsums(x1, 2)",114002
"as.centsums(x1, 4)",1508469
"as.centsums(x1, 4)",1512602
"as.centsums(x1, 2)",127420
"as.centsums(x1, 2)",115206
"as.centsums(x1, 1)",192767
"as.centsums(x1, 3)",864689
"as.centsums(x1, 2)",115224
"as.centsums(x1, 3)",864814
"as.centsums(x1, 1)",190929
"as.centsums(x1, 1)",191984
"as.centsums(x1, 1)",202574
"as.centsums(x1, 3)",864513
"as.centsums(x1, 2)",114995
"as.centsums(x1, 4)",1512486
"as.centsums(x1, 2)",115286
"as.centsums(x1, 3)",863431
"as.centsums(x1, 4)",1507663
"as.centsums(x1, 2)",121025
"as.centsums(x1, 2)",128027
"as.centsums(x1, 3)",865501
"as.centsums(x1, 4)",1508100
"as.centsums(x1, 2)",125612
"as.centsums(x1, 4)",1515614
"as.centsums(x1, 4)",1510496
"as.centsums(x1, 4)",1511111
"as.centsums(x1, 3)",880100
"as.centsums(x1, 1)",191555
"as.centsums(x1, 3)",884293
"as.centsums(x1, 1)",192194
"as.centsums(x1, 1)",190361
"as.centsums(x1, 4)",1508260
"as.centsums(x1, 1)",191993
"as.centsums(x1, 3)",870666
"as.centsums(x1, 1)",205149
"as.centsums(x1, 2)",114730
"as.centsums(x1, 1)",188672
"as.centsums(x1, 2)",113852
"as.centsums(x1, 2)",114786
"as.centsums(x1, 1)",191151
"as.centsums(x1, 3)",864182
"as.centsums(x1, 4)",1509461
"as.centsums(x1, 1)",205024
"as.centsums(x1, 2)",115680
"as.centsums(x1, 4)",1514510
"as.centsums(x1, 4)",1507654
"as.centsums(x1, 4)",1512472
"as.centsums(x1, 1)",192201
"as.centsums(x1, 2)",114892
"as.centsums(x1, 1)",196047
"as.centsums(x1, 4)",1523952
"as.centsums(x1, 3)",864281
"as.centsums(x1, 2)",115328
"as.centsums(x1, 4)",1513761
"as.centsums(x1, 3)",877907
"as.centsums(x1, 2)",115293
"as.centsums(x1, 2)",113147
"as.centsums(x1, 3)",876096
"as.centsums(x1, 1)",192154
"as.centsums(x1, 1)",190644
"as.centsums(x1, 1)",189530
"as.centsums(x1, 4)",1512129
"as.centsums(x1, 4)",1635581
"as.centsums(x1, 4)",1552733
"as.centsums(x1, 3)",864812
"as.centsums(x1, 4)",1522994
"as.centsums(x1, 4)",1510891
"as.centsums(x1, 2)",131997
"as.centsums(x1, 3)",901743
"as.centsums(x1, 4)",1513129
"as.centsums(x1, 1)",191418
"as.centsums(x1, 2)",115452
"as.centsums(x1, 4)",1535385
"as.centsums(x1, 4)",1521450
"as.centsums(x1, 3)",866955
"as.centsums(x1, 2)",115253
"as.centsums(x1, 3)",867410
"as.centsums(x1, 3)",891720
"as.centsums(x1, 4)",1510099
"as.centsums(x1, 1)",189156
"as.centsums(x1, 3)",866087
"as.centsums(x1, 2)",129131
"as.centsums(x1, 4)",1512071
"as.centsums(x1, 1)",191239
"as.centsums(x1, 1)",190899
"as.centsums(x1, 1)",202598
"as.centsums(x1, 1)",191738
"as.centsums(x1, 1)",191832
"as.centsums(x1, 3)",875348
"as.centsums(x1, 1)",190174
"as.centsums(x1, 2)",115860
"as.centsums(x1, 1)",192351
"as.centsums(x1, 3)",868315
"as.centsums(x1, 2)",115684
"as.centsums(x1, 3)",862711
"as.centsums(x1, 4)",1509085
"as.centsums(x1, 3)",877899
"as.centsums(x1, 1)",192875
"as.centsums(x1, 2)",115525
"as.centsums(x1, 2)",113311
"as.centsums(x1, 2)",149283
"as.centsums(x1, 1)",207149
"as.centsums(x1, 4)",1510261
"as.centsums(x1, 3)",864771
"as.centsums(x1, 3)",877639
"as.centsums(x1, 4)",1513487
"as.centsums(x1, 4)",1510067
"as.centsums(x1, 2)",115249
"as.centsums(x1, 2)",113678
"as.centsums(x1, 4)",1512442
"as.centsums(x1, 1)",189108
"as.centsums(x1, 3)",863565
"as.centsums(x1, 2)",128060
"as.centsums(x1, 4)",1509220
"as.centsums(x1, 4)",1512229
"as.centsums(x1, 4)",1527544
"as.centsums(x1, 2)",129452
"as.centsums(x1, 2)",115856
"as.centsums(x1, 3)",866858
"as.centsums(x1, 4)",1513493
"as.centsums(x1, 1)",204163
"as.centsums(x1, 3)",864275
"as.centsums(x1, 3)",864129
"as.centsums(x1, 4)",1507355
"as.centsums(x1, 2)",119165
obj3 %-% obj1,105934
obj3 %-% obj1,16604
"c(obj1, obj2)",181500
obj3 %-% obj1,15386
obj3 %-% obj1,12204
"c(obj1, obj2)",19069
"c(obj1, obj2)",17291
"c(obj1, obj2)",15193
obj3 %-% obj1,14212
"c(obj1, obj2)",15693
"c(obj1, obj2)",14424
"c(obj1, obj2)",14657
obj3 %-% obj1,12254
obj3 %-% obj1,12087
obj3 %-% obj1,12251
"c(obj1, obj2)",15045
obj3 %-% obj1,25812
"c(obj1, obj2)",25847
obj3 %-% obj1,13072
"c(obj1, obj2)",16329
"c(obj1, obj2)",14981
"c(obj1, obj2)",14937
"c(obj1, obj2)",14568
"c(obj1, obj2)",14252
obj3 %-% obj1,12767
"c(obj1, obj2)",15352
obj3 %-% obj1,12993
obj3 %-% obj1,12060
obj3 %-% obj1,11153
"c(obj1, obj2)",14899
"c(obj1, obj2)",15145
"c(obj1, obj2)",15250
obj3 %-% obj1,13097
"c(obj1, obj2)",28049
"c(obj1, obj2)",15291
"c(obj1, obj2)",14734
"c(obj1, obj2)",15208
obj3 %-% obj1,12742
"c(obj1, obj2)",15941
obj3 %-% obj1,18434
"c(obj1, obj2)",15986
"c(obj1, obj2)",14982
"c(obj1, obj2)",15125
"c(obj1, obj2)",15369
obj3 %-% obj1,12794
obj3 %-% obj1,11695
obj3 %-% obj1,11716
obj3 %-% obj1,11696
obj3 %-% obj1,12301
obj3 %-% obj1,11765
"c(obj1, obj2)",29197
obj3 %-% obj1,12921
"c(obj1, obj2)",16475
"c(obj1, obj2)",15266
"c(obj1, obj2)",14218
"c(obj1, obj2)",15169
obj3 %-% obj1,12615
"c(obj1, obj2)",14827
obj3 %-% obj1,13018
"c(obj1, obj2)",14954
obj3 %-% obj1,12564
obj3 %-% obj1,12545
obj3 %-% obj1,11739
"c(obj1, obj2)",15076
obj3 %-% obj1,11732
obj3 %-% obj1,11536
obj3 %-% obj1,11640
obj3 %-% obj1,23646
obj3 %-% obj1,14530
obj3 %-% obj1,12235
obj3 %-% obj1,11176
obj3 %-% obj1,11476
"c(obj1, obj2)",16336
"c(obj1, obj2)",14451
obj3 %-% obj1,12792
"c(obj1, obj2)",16103
"c(obj1, obj2)",14946
obj3 %-% obj1,12104
"c(obj1, obj2)",26423
"c(obj1, obj2)",17428
"c(obj1, obj2)",15070
"c(obj1, obj2)",15125
"c(obj1, obj2)",14509
obj3 %-% obj1,12944
"c(obj1, obj2)",28759
obj3 %-% obj1,12848
obj3 %-% obj1,12456
obj3 %-% obj1,11675
"c(obj1, obj2)",16408
"c(obj1, obj2)",14550
"c(obj1, obj2)",14729
"c(obj1, obj2)",16150
"c(obj1, obj2)",15464
obj3 %-% obj1,12841
obj3 %-% obj1,11504
obj3 %-% obj1,11532
obj3 %-% obj1,11196
obj3 %-% obj1,11731
obj3 %-% obj1,11862
obj3 %-% obj1,11330
"c(obj1, obj2)",16441
obj3 %-% obj1,11748
"c(obj1, obj2)",28836
"c(obj1, obj2)",15535
obj3 %-% obj1,13537
obj3 %-% obj1,12132
"c(obj1, obj2)",15664
"c(obj1, obj2)",14657
"c(obj1, obj2)",13996
obj3 %-% obj1,12376
"c(obj1, obj2)",15241
obj3 %-% obj1,12161
obj3 %-% obj1,12316
obj3 %-% obj1,11451
obj3 %-% obj1,11600
obj3 %-% obj1,11308
obj3 %-% obj1,11655
obj3 %-% obj1,11779
"c(obj1, obj2)",15832
"c(obj1, obj2)",26497
"c(obj1, obj2)",18274
"c(obj1, obj2)",14897
obj3 %-% obj1,12003
"c(obj1, obj2)",15718
"c(obj1, obj2)",15979
"c(obj1, obj2)",14768
obj3 %-% obj1,13003
obj3 %-% obj1,12484
"c(obj1, obj2)",15175
"c(obj1, obj2)",15301
"c(obj1, obj2)",15979
"c(obj1, obj2)",15129
"c(obj1, obj2)",14751
obj3 %-% obj1,12846
"c(obj1, obj2)",15644
"c(obj1, obj2)",28394
"c(obj1, obj2)",17906
"c(obj1, obj2)",14927
obj3 %-% obj1,12431
"c(obj1, obj2)",28123
obj3 %-% obj1,12972
"c(obj1, obj2)",15776
obj3 %-% obj1,11980
obj3 %-% obj1,12374
"c(obj1, obj2)",15826
"c(obj1, obj2)",14353
"c(obj1, obj2)",14141
"c(obj1, obj2)",14782
obj3 %-% obj1,13315
obj3 %-% obj1,11543
obj3 %-% obj1,12159
"c(obj1, obj2)",14902
obj3 %-% obj1,24436
obj3 %-% obj1,13944
obj3 %-% obj1,11513
obj3 %-% obj1,11853
obj3 %-% obj1,10923
"c(obj1, obj2)",16940
obj3 %-% obj1,12219
"c(obj1, obj2)",15670
obj3 %-% obj1,12138
obj3 %-% obj1,11634
"c(obj1, obj2)",16497
obj3 %-% obj1,12804
"c(obj1, obj2)",15150
"c(obj1, obj2)",14887
obj3 %-% obj1,12212
obj3 %-% obj1,12396
obj3 %-% obj1,12075
obj3 %-% obj1,11920
obj3 %-% obj1,11620
obj3 %-% obj1,25826
"c(obj1, obj2)",16057
"c(obj1, obj2)",14852
"c(obj1, obj2)",14558
"c(obj1, obj2)",15369
"c(obj1, obj2)",14965
"c(obj1, obj2)",15496
obj3 %-% obj1,12458
obj3 %-% obj1,11690
obj3 %-% obj1,11499
obj3 %-% obj1,12131
obj3 %-% obj1,11654
obj3 %-% obj1,12098
"c(obj1, obj2)",15682
obj3 %-% obj1,11935
"c(obj1, obj2)",14830
"c(obj1, obj2)",14943
"c(obj1, obj2)",29155
obj3 %-% obj1,13283
obj3 %-% obj1,11866
obj3 %-% obj1,11840
obj3 %-% obj1,11956
"c(obj1, obj2)",14788
"c(obj1, obj2)",14550
obj3 %-% obj1,12926
obj3 %-% obj1,11859
"c(obj1, obj2)",15017
"c(obj1, obj2)",14908
"c(obj1, obj2)",15183
"join_cent_sums(rs1, rs2)",27140
"unjoin_cent_sums(rs3, rs1)",7459
"unjoin_cent_sums(rs3, rs1)",3832
"unjoin_cent_sums(rs3, rs1)",3153
"unjoin_cent_sums(rs3, rs2)",2809
"unjoin_cent_sums(rs3, rs1)",2858
"unjoin_cent_sums(rs3, rs1)",3067
"unjoin_cent_sums(rs3, rs2)",2522
"unjoin_cent_sums(rs3, rs1)",2746
"join_cent_sums(rs1, rs2)",3220
"unjoin_cent_sums(rs3, rs1)",2857
"join_cent_sums(rs1, rs2)",2821
"unjoin_cent_sums(rs3, rs1)",3026
"unjoin_cent_sums(rs3, rs1)",18541
"unjoin_cent_sums(rs3, rs2)",3182
"join_cent_sums(rs1, rs2)",3349
"unjoin_cent_sums(rs3, rs1)",3121
"unjoin_cent_sums(rs3, rs1)",2808
"unjoin_cent_sums(rs3, rs1)",2629
"join_cent_sums(rs1, rs2)",2816
"unjoin_cent_sums(rs3, rs2)",2875
"unjoin_cent_sums(rs3, rs1)",2608
"unjoin_cent_sums(rs3, rs1)",2588
"unjoin_cent_sums(rs3, rs2)",2732
"unjoin_cent_sums(rs3, rs1)",2450
"unjoin_cent_sums(rs3, rs1)",2382
"unjoin_cent_sums(rs3, rs2)",2562
"unjoin_cent_sums(rs3, rs1)",2465
"unjoin_cent_sums(rs3, rs1)",2607
"unjoin_cent_sums(rs3, rs1)",2434
"unjoin_cent_sums(rs3, rs2)",2509
"join_cent_sums(rs1, rs2)",2941
"unjoin_cent_sums(rs3, rs2)",2690
"unjoin_cent_sums(rs3, rs1)",2531
"join_cent_sums(rs1, rs2)",2783
"join_cent_sums(rs1, rs2)",2813
"unjoin_cent_sums(rs3, rs1)",2689
"join_cent_sums(rs1, rs2)",3074
"unjoin_cent_sums(rs3, rs2)",2545
"join_cent_sums(rs1, rs2)",2865
"unjoin_cent_sums(rs3, rs1)",2563
"unjoin_cent_sums(rs3, rs2)",2553
"unjoin_cent_sums(rs3, rs2)",2490
"unjoin_cent_sums(rs3, rs1)",2999
"unjoin_cent_sums(rs3, rs2)",2657
"unjoin_cent_sums(rs3, rs2)",2441
"unjoin_cent_sums(rs3, rs2)",2745
"unjoin_cent_sums(rs3, rs2)",2471
"unjoin_cent_sums(rs3, rs1)",2623
"unjoin_cent_sums(rs3, rs2)",2607
"unjoin_cent_sums(rs3, rs2)",3236
"unjoin_cent_sums(rs3, rs2)",2701
"join_cent_sums(rs1, rs2)",2879
"join_cent_sums(rs1, rs2)",2732
"unjoin_cent_sums(rs3, rs2)",3096
"unjoin_cent_sums(rs3, rs2)",2725
"unjoin_cent_sums(rs3, rs2)",2664
"unjoin_cent_sums(rs3, rs1)",2743
"unjoin_cent_sums(rs3, rs2)",2857
"unjoin_cent_sums(rs3, rs1)",2572
"unjoin_cent_sums(rs3, rs1)",2553
"join_cent_sums(rs1, rs2)",2958
"unjoin_cent_sums(rs3, rs2)",2731
"unjoin_cent_sums(rs3, rs2)",2583
"unjoin_cent_sums(rs3, rs2)",2454
"unjoin_cent_sums(rs3, rs2)",2586
"unjoin_cent_sums(rs3, rs1)",2759
"unjoin_cent_sums(rs3, rs1)",2473
"unjoin_cent_sums(rs3, rs2)",2527
"unjoin_cent_sums(rs3, rs1)",2568
"unjoin_cent_sums(rs3, rs2)",2647
"unjoin_cent_sums(rs3, rs2)",2508
"unjoin_cent_sums(rs3, rs1)",2669
"unjoin_cent_sums(rs3, rs1)",3022
"join_cent_sums(rs1, rs2)",2912
"unjoin_cent_sums(rs3, rs1)",2589
"unjoin_cent_sums(rs3, rs1)",2778
"join_cent_sums(rs1, rs2)",3171
"unjoin_cent_sums(rs3, rs2)",2658
"unjoin_cent_sums(rs3, rs2)",2529
"join_cent_sums(rs1, rs2)",3092
"unjoin_cent_sums(rs3, rs2)",2778
"join_cent_sums(rs1, rs2)",2814
"unjoin_cent_sums(rs3, rs2)",2729
"unjoin_cent_sums(rs3, rs2)",2612
"unjoin_cent_sums(rs3, rs1)",2537
"unjoin_cent_sums(rs3, rs1)",2446
"join_cent_sums(rs1, rs2)",3233
"unjoin_cent_sums(rs3, rs2)",2674
"unjoin_cent_sums(rs3, rs1)",2831
"join_cent_sums(rs1, rs2)",2858
"unjoin_cent_sums(rs3, rs2)",2473
"unjoin_cent_sums(rs3, rs2)",2505
"unjoin_cent_sums(rs3, rs1)",2504
"unjoin_cent_sums(rs3, rs1)",2599
"join_cent_sums(rs1, rs2)",2735
"unjoin_cent_sums(rs3, rs1)",2615
"join_cent_sums(rs1, rs2)",2748
"unjoin_cent_sums(rs3, rs1)",2557
"unjoin_cent_sums(rs3, rs1)",2453
"join_cent_sums(rs1, rs2)",2814
"unjoin_cent_sums(rs3, rs2)",2524
"unjoin_cent_sums(rs3, rs1)",2525
"unjoin_cent_sums(rs3, rs2)",2470
"join_cent_sums(rs1, rs2)",2729
"unjoin_cent_sums(rs3, rs2)",2681
"unjoin_cent_sums(rs3, rs1)",2586
"unjoin_cent_sums(rs3, rs2)",2611
"join_cent_sums(rs1, rs2)",2831
"unjoin_cent_sums(rs3, rs1)",2602
"unjoin_cent_sums(rs3, rs2)",2524
"unjoin_cent_sums(rs3, rs2)",2688
"unjoin_cent_sums(rs3, rs1)",2491
"join_cent_sums(rs1, rs2)",17414
"unjoin_cent_sums(rs3, rs2)",3334
"join_cent_sums(rs1, rs2)",3426
"join_cent_sums(rs1, rs2)",3036
"join_cent_sums(rs1, rs2)",3362
"join_cent_sums(rs1, rs2)",2921
"unjoin_cent_sums(rs3, rs1)",2793
"unjoin_cent_sums(rs3, rs2)",2548
"unjoin_cent_sums(rs3, rs2)",2483
"join_cent_sums(rs1, rs2)",3102
"join_cent_sums(rs1, rs2)",3008
"unjoin_cent_sums(rs3, rs2)",2724
"unjoin_cent_sums(rs3, rs2)",2480
"join_cent_sums(rs1, rs2)",3355
"unjoin_cent_sums(rs3, rs2)",2723
"join_cent_sums(rs1, rs2)",2809
"join_cent_sums(rs1, rs2)",3099
"join_cent_sums(rs1, rs2)",2785
"unjoin_cent_sums(rs3, rs1)",2694
"unjoin_cent_sums(rs3, rs2)",2852
"join_cent_sums(rs1, rs2)",2957
"join_cent_sums(rs1, rs2)",2772
"unjoin_cent_sums(rs3, rs2)",2848
"unjoin_cent_sums(rs3, rs1)",2605
"unjoin_cent_sums(rs3, rs2)",2805
"unjoin_cent_sums(rs3, rs2)",2495
"join_cent_sums(rs1, rs2)",3049
"join_cent_sums(rs1, rs2)",2977
"unjoin_cent_sums(rs3, rs2)",2612
"unjoin_cent_sums(rs3, rs1)",2756
"unjoin_cent_sums(rs3, rs2)",2531
"unjoin_cent_sums(rs3, rs1)",2623
"join_cent_sums(rs1, rs2)",2750
"unjoin_cent_sums(rs3, rs2)",2543
"join_cent_sums(rs1, rs2)",2767
"unjoin_cent_sums(rs3, rs2)",2844
"unjoin_cent_sums(rs3, rs2)",2487
"unjoin_cent_sums(rs3, rs2)",2352
"unjoin_cent_sums(rs3, rs2)",2722
"unjoin_cent_sums(rs3, rs2)",2352
"unjoin_cent_sums(rs3, rs2)",2771
"unjoin_cent_sums(rs3, rs1)",2406
"join_cent_sums(rs1, rs2)",2831
"unjoin_cent_sums(rs3, rs1)",2723
"join_cent_sums(rs1, rs2)",2997
"join_cent_sums(rs1, rs2)",2723
"join_cent_sums(rs1, rs2)",3161
"unjoin_cent_sums(rs3, rs2)",2551
"join_cent_sums(rs1, rs2)",3048
"unjoin_cent_sums(rs3, rs1)",2588
"join_cent_sums(rs1, rs2)",3050
"join_cent_sums(rs1, rs2)",2831
"unjoin_cent_sums(rs3, rs1)",2766
"join_cent_sums(rs1, rs2)",2715
"unjoin_cent_sums(rs3, rs1)",2655
"join_cent_sums(rs1, rs2)",2861
"join_cent_sums(rs1, rs2)",3055
"join_cent_sums(rs1, rs2)",2829
"unjoin_cent_sums(rs3, rs1)",2891
"unjoin_cent_sums(rs3, rs2)",2629
"unjoin_cent_sums(rs3, rs2)",2947
"join_cent_sums(rs1, rs2)",2750
"unjoin_cent_sums(rs3, rs2)",3106
"unjoin_cent_sums(rs3, rs2)",2622
"join_cent_sums(rs1, rs2)",3013
"unjoin_cent_sums(rs3, rs2)",2515
"unjoin_cent_sums(rs3, rs2)",2682
"join_cent_sums(rs1, rs2)",2987
"unjoin_cent_sums(rs3, rs2)",2776
"unjoin_cent_sums(rs3, rs2)",2471
"unjoin_cent_sums(rs3, rs1)",2887
"unjoin_cent_sums(rs3, rs2)",2611
"unjoin_cent_sums(rs3, rs1)",2586
"join_cent_sums(rs1, rs2)",2840
"unjoin_cent_sums(rs3, rs1)",2821
"join_cent_sums(rs1, rs2)",2945
"unjoin_cent_sums(rs3, rs2)",2574
"join_cent_sums(rs1, rs2)",2826
"unjoin_cent_sums(rs3, rs1)",2881
"unjoin_cent_sums(rs3, rs2)",2507
"unjoin_cent_sums(rs3, rs2)",2815
"unjoin_cent_sums(rs3, rs1)",2602
"unjoin_cent_sums(rs3, rs1)",2535
"unjoin_cent_sums(rs3, rs2)",2429
"join_cent_sums(rs1, rs2)",3323
"unjoin_cent_sums(rs3, rs1)",2434
"join_cent_sums(rs1, rs2)",2881
"join_cent_sums(rs1, rs2)",2823
"unjoin_cent_sums(rs3, rs1)",2524
"join_cent_sums(rs1, rs2)",2670
"unjoin_cent_sums(rs3, rs1)",2847
"unjoin_cent_sums(rs3, rs1)",2460
"unjoin_cent_sums(rs3, rs2)",2453
"join_cent_sums(rs1, rs2)",3079
"join_cent_sums(rs1, rs2)",2758
"join_cent_sums(rs1, rs2)",2829
"join_cent_sums(rs1, rs2)",2840
"unjoin_cent_sums(rs3, rs2)",2651
"unjoin_cent_sums(rs3, rs2)",2401
"join_cent_sums(rs1, rs2)",3044
"join_cent_sums(rs1, rs2)",17117
"join_cent_sums(rs1, rs2)",3252
"unjoin_cent_sums(rs3, rs1)",3154
"unjoin_cent_sums(rs3, rs1)",2826
"unjoin_cent_sums(rs3, rs1)",2423
"unjoin_cent_sums(rs3, rs1)",2952
"join_cent_sums(rs1, rs2)",2906
"unjoin_cent_sums(rs3, rs1)",2646
"unjoin_cent_sums(rs3, rs2)",2540
"unjoin_cent_sums(rs3, rs2)",2388
"join_cent_sums(rs1, rs2)",2860
"unjoin_cent_sums(rs3, rs2)",2592
"join_cent_sums(rs1, rs2)",2934
"unjoin_cent_sums(rs3, rs1)",2459
"join_cent_sums(rs1, rs2)",2988
"join_cent_sums(rs1, rs2)",2782
"join_cent_sums(rs1, rs2)",2838
"join_cent_sums(rs1, rs2)",2870
"unjoin_cent_sums(rs3, rs1)",2516
"join_cent_sums(rs1, rs2)",2782
"unjoin_cent_sums(rs3, rs2)",2891
"unjoin_cent_sums(rs3, rs2)",2962
"unjoin_cent_sums(rs3, rs2)",2404
"join_cent_sums(rs1, rs2)",3249
"unjoin_cent_sums(rs3, rs1)",2489
"unjoin_cent_sums(rs3, rs1)",2649
"join_cent_sums(rs1, rs2)",2974
"unjoin_cent_sums(rs3, rs1)",2607
"join_cent_sums(rs1, rs2)",2720
"join_cent_sums(rs1, rs2)",3025
"join_cent_sums(rs1, rs2)",2730
"unjoin_cent_sums(rs3, rs1)",2556
"unjoin_cent_sums(rs3, rs2)",2720
"join_cent_sums(rs1, rs2)",2775
"join_cent_sums(rs1, rs2)",2723
"unjoin_cent_sums(rs3, rs2)",2550
"join_cent_sums(rs1, rs2)",2962
"unjoin_cent_sums(rs3, rs2)",2492
"unjoin_cent_sums(rs3, rs1)",2795
"join_cent_sums(rs1, rs2)",2914
"unjoin_cent_sums(rs3, rs1)",2896
"unjoin_cent_sums(rs3, rs1)",2856
"unjoin_cent_sums(rs3, rs1)",2512
"unjoin_cent_sums(rs3, rs2)",2541
"join_cent_sums(rs1, rs2)",3177
"unjoin_cent_sums(rs3, rs2)",2764
"unjoin_cent_sums(rs3, rs1)",2629
"unjoin_cent_sums(rs3, rs1)",2720
"unjoin_cent_sums(rs3, rs2)",2769
"unjoin_cent_sums(rs3, rs1)",2894
"join_cent_sums(rs1, rs2)",2759
"unjoin_cent_sums(rs3, rs1)",2875
"unjoin_cent_sums(rs3, rs1)",2769
"unjoin_cent_sums(rs3, rs1)",2653
"unjoin_cent_sums(rs3, rs2)",2486
"unjoin_cent_sums(rs3, rs2)",2603
"unjoin_cent_sums(rs3, rs1)",2519
"unjoin_cent_sums(rs3, rs1)",2397
"join_cent_sums(rs1, rs2)",2940
"unjoin_cent_sums(rs3, rs2)",2432
"join_cent_sums(rs1, rs2)",2940
"join_cent_sums(rs1, rs2)",2674
"join_cent_sums(rs1, rs2)",2993
"join_cent_sums(rs1, rs2)",2823
"join_cent_sums(rs1, rs2)",2852
"join_cent_sums(rs1, rs2)",2859
"unjoin_cent_sums(rs3, rs1)",2556
"join_cent_sums(rs1, rs2)",2844
"unjoin_cent_sums(rs3, rs2)",2785
"join_cent_sums(rs1, rs2)",2719
"unjoin_cent_sums(rs3, rs1)",2552
"unjoin_cent_sums(rs3, rs1)",2444
"unjoin_cent_sums(rs3, rs1)",2561
"join_cent_sums(rs1, rs2)",2747
"unjoin_cent_sums(rs3, rs2)",2420
"join_cent_sums(rs1, rs2)",2774
"unjoin_cent_sums(rs3, rs2)",2741
"join_cent_sums(rs1, rs2)",2763
"unjoin_cent_sums(rs3, rs1)",2545
"unjoin_cent_sums(rs3, rs2)",2412
"unjoin_cent_sums(rs3, rs1)",2626
"unjoin_cent_sums(rs3, rs1)",2436
"unjoin_cent_sums(rs3, rs1)",2481
"unjoin_cent_sums(rs3, rs1)",2365
"unjoin_cent_sums(rs3, rs1)",2620
"unjoin_cent_sums(rs3, rs2)",2445
"unjoin_cent_sums(rs3, rs2)",2644
"as.centcosums(x1, max_ord)",143745
mobj3 %-% mobj1,29803
"as.centcosums(x1, max_ord)",60130
mobj3 %-% mobj1,33787
mobj3 %-% mobj1,17912
"as.centcosums(x1, max_ord)",55792
mobj3 %-% mobj1,19298
"as.centcosums(x1, max_ord)",52752
"as.centcosums(x1, max_ord)",55616
"as.centcosums(x1, max_ord)",52712
mobj3 %-% mobj1,19915
mobj3 %-% mobj1,17610
"as.centcosums(x1, max_ord)",86850
"as.centcosums(x1, max_ord)",53223
"as.centcosums(x1, max_ord)",54103
mobj3 %-% mobj1,19103
"as.centcosums(x1, max_ord)",55313
mobj3 %-% mobj1,18193
"as.centcosums(x1, max_ord)",66002
mobj3 %-% mobj1,32031
mobj3 %-% mobj1,20540
"as.centcosums(x1, max_ord)",52324
mobj3 %-% mobj1,18082
mobj3 %-% mobj1,17235
mobj3 %-% mobj1,17460
"as.centcosums(x1, max_ord)",53872
mobj3 %-% mobj1,18343
mobj3 %-% mobj1,17253
"as.centcosums(x1, max_ord)",52406
"as.centcosums(x1, max_ord)",65182
"as.centcosums(x1, max_ord)",53814
"as.centcosums(x1, max_ord)",54200
mobj3 %-% mobj1,19676
mobj3 %-% mobj1,18438
mobj3 %-% mobj1,17898
"as.centcosums(x1, max_ord)",53516
mobj3 %-% mobj1,19210
mobj3 %-% mobj1,19045
"as.centcosums(x1, max_ord)",66733
mobj3 %-% mobj1,20738
"as.centcosums(x1, max_ord)",67840
mobj3 %-% mobj1,20503
mobj3 %-% mobj1,17691
mobj3 %-% mobj1,17383
mobj3 %-% mobj1,16978
"as.centcosums(x1, max_ord)",52748
mobj3 %-% mobj1,18948
"as.centcosums(x1, max_ord)",52668
mobj3 %-% mobj1,31484
mobj3 %-% mobj1,18333
mobj3 %-% mobj1,17161
"as.centcosums(x1, max_ord)",53182
"as.centcosums(x1, max_ord)",53584
"as.centcosums(x1, max_ord)",59258
"as.centcosums(x1, max_ord)",53109
mobj3 %-% mobj1,18920
"as.centcosums(x1, max_ord)",68038
mobj3 %-% mobj1,20797
"as.centcosums(x1, max_ord)",52532
mobj3 %-% mobj1,19244
mobj3 %-% mobj1,17346
"as.centcosums(x1, max_ord)",52926
"as.centcosums(x1, max_ord)",66223
mobj3 %-% mobj1,20223
"as.centcosums(x1, max_ord)",66773
"as.centcosums(x1, max_ord)",55026
mobj3 %-% mobj1,19390
mobj3 %-% mobj1,17786
mobj3 %-% mobj1,16606
mobj3 %-% mobj1,16085
mobj3 %-% mobj1,16479
mobj3 %-% mobj1,16413
mobj3 %-% mobj1,16980
"as.centcosums(x1, max_ord)",53253
mobj3 %-% mobj1,19605
mobj3 %-% mobj1,17763
"as.centcosums(x1, max_ord)",67804
"as.centcosums(x1, max_ord)",52281
mobj3 %-% mobj1,18293
mobj3 %-% mobj1,17059
mobj3 %-% mobj1,16747
mobj3 %-% mobj1,16888
mobj3 %-% mobj1,17627
"as.centcosums(x1, max_ord)",53010
"as.centcosums(x1, max_ord)",52914
"as.centcosums(x1, max_ord)",76195
"as.centcosums(x1, max_ord)",55179
"as.centcosums(x1, max_ord)",51724
"as.centcosums(x1, max_ord)",52874
"as.centcosums(x1, max_ord)",52369
"as.centcosums(x1, max_ord)",53136
"as.centcosums(x1, max_ord)",64763
mobj3 %-% mobj1,20803
mobj3 %-% mobj1,17243
"as.centcosums(x1, max_ord)",53443
mobj3 %-% mobj1,18344
"as.centcosums(x1, max_ord)",52193
mobj3 %-% mobj1,19345
"as.centcosums(x1, max_ord)",53451
mobj3 %-% mobj1,19650
"as.centcosums(x1, max_ord)",65795
"as.centcosums(x1, max_ord)",55091
"as.centcosums(x1, max_ord)",51695
"as.centcosums(x1, max_ord)",66725
"as.centcosums(x1, max_ord)",54115
"as.centcosums(x1, max_ord)",54024
"as.centcosums(x1, max_ord)",64946
mobj3 %-% mobj1,19654
mobj3 %-% mobj1,17968
mobj3 %-% mobj1,18033
mobj3 %-% mobj1,16946
mobj3 %-% mobj1,16847
mobj3 %-% mobj1,16476
mobj3 %-% mobj1,16410
mobj3 %-% mobj1,16217
mobj3 %-% mobj1,17176
"as.centcosums(x1, max_ord)",55823
"as.centcosums(x1, max_ord)",64465
mobj3 %-% mobj1,20679
mobj3 %-% mobj1,17957
mobj3 %-% mobj1,17508
"as.centcosums(x1, max_ord)",53409
"as.centcosums(x1, max_ord)",52069
mobj3 %-% mobj1,18914
mobj3 %-% mobj1,17685
"as.centcosums(x1, max_ord)",51604
"as.centcosums(x1, max_ord)",77422
"as.centcosums(x1, max_ord)",53963
"as.centcosums(x1, max_ord)",53247
"as.centcosums(x1, max_ord)",51536
"as.centcosums(x1, max_ord)",52515
mobj3 %-% mobj1,19175
"as.centcosums(x1, max_ord)",52669
"as.centcosums(x1, max_ord)",66954
mobj3 %-% mobj1,19778
mobj3 %-% mobj1,17270
"as.centcosums(x1, max_ord)",52905
mobj3 %-% mobj1,18413
"as.centcosums(x1, max_ord)",52483
"as.centcosums(x1, max_ord)",52017
"as.centcosums(x1, max_ord)",53001
"as.centcosums(x1, max_ord)",65779
"as.centcosums(x1, max_ord)",53600
"as.centcosums(x1, max_ord)",66036
"as.centcosums(x1, max_ord)",54039
mobj3 %-% mobj1,18711
mobj3 %-% mobj1,18213
mobj3 %-% mobj1,17490
"as.centcosums(x1, max_ord)",52954
"as.centcosums(x1, max_ord)",65922
"as.centcosums(x1, max_ord)",54563
"as.centcosums(x1, max_ord)",51871
mobj3 %-% mobj1,18334
"as.centcosums(x1, max_ord)",51829
"as.centcosums(x1, max_ord)",68991
mobj3 %-% mobj1,20953
"as.centcosums(x1, max_ord)",67130
mobj3 %-% mobj1,20241
mobj3 %-% mobj1,18754
mobj3 %-% mobj1,17296
mobj3 %-% mobj1,18393
"as.centcosums(x1, max_ord)",52670
mobj3 %-% mobj1,18330
mobj3 %-% mobj1,16983
"as.centcosums(x1, max_ord)",67005
mobj3 %-% mobj1,19033
"as.centcosums(x1, max_ord)",65699
"as.centcosums(x1, max_ord)",53993
"as.centcosums(x1, max_ord)",54704
"as.centcosums(x1, max_ord)",52216
"as.centcosums(x1, max_ord)",53574
mobj3 %-% mobj1,18912
mobj3 %-% mobj1,18387
"as.centcosums(x1, max_ord)",66706
mobj3 %-% mobj1,20385
mobj3 %-% mobj1,16808
"as.centcosums(x1, max_ord)",55555
"as.centcosums(x1, max_ord)",52798
"as.centcosums(x1, max_ord)",55340
"as.centcosums(x1, max_ord)",51715
mobj3 %-% mobj1,19700
"as.centcosums(x1, max_ord)",64135
"as.centcosums(x1, max_ord)",67401
mobj3 %-% mobj1,20236
mobj3 %-% mobj1,16886
"as.centcosums(x1, max_ord)",53674
"as.centcosums(x1, max_ord)",52255
mobj3 %-% mobj1,18928
"as.centcosums(x1, max_ord)",53429
mobj3 %-% mobj1,19976
mobj3 %-% mobj1,31871
mobj3 %-% mobj1,19143
mobj3 %-% mobj1,18155
"as.centcosums(x1, max_ord)",55538
"as.centcosums(x1, max_ord)",51607
mobj3 %-% mobj1,19289
mobj3 %-% mobj1,17187
mobj3 %-% mobj1,16953
mobj3 %-% mobj1,17200
mobj3 %-% mobj1,17834
"as.centcosums(x1, max_ord)",143745
mobj3 %-% mobj1,29803
"as.centcosums(x1, max_ord)",60130
mobj3 %-% mobj1,33787
mobj3 %-% mobj1,17912
"as.centcosums(x1, max_ord)",55792
mobj3 %-% mobj1,19298
"as.centcosums(x1, max_ord)",52752
"as.centcosums(x1, max_ord)",55616
"as.centcosums(x1, max_ord)",52712
mobj3 %-% mobj1,19915
mobj3 %-% mobj1,17610
"as.centcosums(x1, max_ord)",86850
"as.centcosums(x1, max_ord)",53223
"as.centcosums(x1, max_ord)",54103
mobj3 %-% mobj1,19103
"as.centcosums(x1, max_ord)",55313
mobj3 %-% mobj1,18193
"as.centcosums(x1, max_ord)",66002
mobj3 %-% mobj1,32031
mobj3 %-% mobj1,20540
"as.centcosums(x1, max_ord)",52324
mobj3 %-% mobj1,18082
mobj3 %-% mobj1,17235
mobj3 %-% mobj1,17460
"as.centcosums(x1, max_ord)",53872
mobj3 %-% mobj1,18343
mobj3 %-% mobj1,17253
"as.centcosums(x1, max_ord)",52406
"as.centcosums(x1, max_ord)",65182
"as.centcosums(x1, max_ord)",53814
"as.centcosums(x1, max_ord)",54200
mobj3 %-% mobj1,19676
mobj3 %-% mobj1,18438
mobj3 %-% mobj1,17898
"as.centcosums(x1, max_ord)",53516
mobj3 %-% mobj1,19210
mobj3 %-% mobj1,19045
"as.centcosums(x1, max_ord)",66733
mobj3 %-% mobj1,20738
"as.centcosums(x1, max_ord)",67840
mobj3 %-% mobj1,20503
mobj3 %-% mobj1,17691
mobj3 %-% mobj1,17383
mobj3 %-% mobj1,16978
"as.centcosums(x1, max_ord)",52748
mobj3 %-% mobj1,18948
"as.centcosums(x1, max_ord)",52668
mobj3 %-% mobj1,31484
mobj3 %-% mobj1,18333
mobj3 %-% mobj1,17161
"as.centcosums(x1, max_ord)",53182
"as.centcosums(x1, max_ord)",53584
"as.centcosums(x1, max_ord)",59258
"as.centcosums(x1, max_ord)",53109
mobj3 %-% mobj1,18920
"as.centcosums(x1, max_ord)",68038
mobj3 %-% mobj1,20797
"as.centcosums(x1, max_ord)",52532
mobj3 %-% mobj1,19244
mobj3 %-% mobj1,17346
"as.centcosums(x1, max_ord)",52926
"as.centcosums(x1, max_ord)",66223
mobj3 %-% mobj1,20223
"as.centcosums(x1, max_ord)",66773
"as.centcosums(x1, max_ord)",55026
mobj3 %-% mobj1,19390
mobj3 %-% mobj1,17786
mobj3 %-% mobj1,16606
mobj3 %-% mobj1,16085
mobj3 %-% mobj1,16479
mobj3 %-% mobj1,16413
mobj3 %-% mobj1,16980
"as.centcosums(x1, max_ord)",53253
mobj3 %-% mobj1,19605
mobj3 %-% mobj1,17763
"as.centcosums(x1, max_ord)",67804
"as.centcosums(x1, max_ord)",52281
mobj3 %-% mobj1,18293
mobj3 %-% mobj1,17059
mobj3 %-% mobj1,16747
mobj3 %-% mobj1,16888
mobj3 %-% mobj1,17627
"as.centcosums(x1, max_ord)",53010
"as.centcosums(x1, max_ord)",52914
"as.centcosums(x1, max_ord)",76195
"as.centcosums(x1, max_ord)",55179
"as.centcosums(x1, max_ord)",51724
"as.centcosums(x1, max_ord)",52874
"as.centcosums(x1, max_ord)",52369
"as.centcosums(x1, max_ord)",53136
"as.centcosums(x1, max_ord)",64763
mobj3 %-% mobj1,20803
mobj3 %-% mobj1,17243
"as.centcosums(x1, max_ord)",53443
mobj3 %-% mobj1,18344
"as.centcosums(x1, max_ord)",52193
mobj3 %-% mobj1,19345
"as.centcosums(x1, max_ord)",53451
mobj3 %-% mobj1,19650
"as.centcosums(x1, max_ord)",65795
"as.centcosums(x1, max_ord)",55091
"as.centcosums(x1, max_ord)",51695
"as.centcosums(x1, max_ord)",66725
"as.centcosums(x1, max_ord)",54115
"as.centcosums(x1, max_ord)",54024
"as.centcosums(x1, max_ord)",64946
mobj3 %-% mobj1,19654
mobj3 %-% mobj1,17968
mobj3 %-% mobj1,18033
mobj3 %-% mobj1,16946
mobj3 %-% mobj1,16847
mobj3 %-% mobj1,16476
mobj3 %-% mobj1,16410
mobj3 %-% mobj1,16217
mobj3 %-% mobj1,17176
"as.centcosums(x1, max_ord)",55823
"as.centcosums(x1, max_ord)",64465
mobj3 %-% mobj1,20679
mobj3 %-% mobj1,17957
mobj3 %-% mobj1,17508
"as.centcosums(x1, max_ord)",53409
"as.centcosums(x1, max_ord)",52069
mobj3 %-% mobj1,18914
mobj3 %-% mobj1,17685
"as.centcosums(x1, max_ord)",51604
"as.centcosums(x1, max_ord)",77422
"as.centcosums(x1, max_ord)",53963
"as.centcosums(x1, max_ord)",53247
"as.centcosums(x1, max_ord)",51536
"as.centcosums(x1, max_ord)",52515
mobj3 %-% mobj1,19175
"as.centcosums(x1, max_ord)",52669
"as.centcosums(x1, max_ord)",66954
mobj3 %-% mobj1,19778
mobj3 %-% mobj1,17270
"as.centcosums(x1, max_ord)",52905
mobj3 %-% mobj1,18413
"as.centcosums(x1, max_ord)",52483
"as.centcosums(x1, max_ord)",52017
"as.centcosums(x1, max_ord)",53001
"as.centcosums(x1, max_ord)",65779
"as.centcosums(x1, max_ord)",53600
"as.centcosums(x1, max_ord)",66036
"as.centcosums(x1, max_ord)",54039
mobj3 %-% mobj1,18711
mobj3 %-% mobj1,18213
mobj3 %-% mobj1,17490
"as.centcosums(x1, max_ord)",52954
"as.centcosums(x1, max_ord)",65922
"as.centcosums(x1, max_ord)",54563
"as.centcosums(x1, max_ord)",51871
mobj3 %-% mobj1,18334
"as.centcosums(x1, max_ord)",51829
"as.centcosums(x1, max_ord)",68991
mobj3 %-% mobj1,20953
"as.centcosums(x1, max_ord)",67130
mobj3 %-% mobj1,20241
mobj3 %-% mobj1,18754
mobj3 %-% mobj1,17296
mobj3 %-% mobj1,18393
"as.centcosums(x1, max_ord)",52670
mobj3 %-% mobj1,18330
mobj3 %-% mobj1,16983
"as.centcosums(x1, max_ord)",67005
mobj3 %-% mobj1,19033
"as.centcosums(x1, max_ord)",65699
"as.centcosums(x1, max_ord)",53993
"as.centcosums(x1, max_ord)",54704
"as.centcosums(x1, max_ord)",52216
"as.centcosums(x1, max_ord)",53574
mobj3 %-% mobj1,18912
mobj3 %-% mobj1,18387
"as.centcosums(x1, max_ord)",66706
mobj3 %-% mobj1,20385
mobj3 %-% mobj1,16808
"as.centcosums(x1, max_ord)",55555
"as.centcosums(x1, max_ord)",52798
"as.centcosums(x1, max_ord)",55340
"as.centcosums(x1, max_ord)",51715
mobj3 %-% mobj1,19700
"as.centcosums(x1, max_ord)",64135
"as.centcosums(x1, max_ord)",67401
mobj3 %-% mobj1,20236
mobj3 %-% mobj1,16886
"as.centcosums(x1, max_ord)",53674
"as.centcosums(x1, max_ord)",52255
mobj3 %-% mobj1,18928
"as.centcosums(x1, max_ord)",53429
mobj3 %-% mobj1,19976
mobj3 %-% mobj1,31871
mobj3 %-% mobj1,19143
mobj3 %-% mobj1,18155
"as.centcosums(x1, max_ord)",55538
"as.centcosums(x1, max_ord)",51607
mobj3 %-% mobj1,19289
mobj3 %-% mobj1,17187
mobj3 %-% mobj1,16953
mobj3 %-% mobj1,17200
mobj3 %-% mobj1,17834
